seq,state,step,potRaw,dutyPct,vbusRaw,iaRaw,ibRaw,ibusRaw,duty,timerPeriod,eRpm,erpmNow,captures,piRuns,iaPkMax,iaPkMin,ibPkMax,ibPkMin,iaAtFaultMax,iaAtFaultMin,ibAtFaultMax,ibAtFaultMin,iaAtFaultInst,ibAtFaultInst,faultValid,t
0,0,0,0,0,0,0,0,0,0,0,0,0,0,0,0,0,0,0,0,0,0,0,0,0,0,0.050704516004770994
1,0,0,0,0,0,0,0,0,0,0,0,0,0,0,0,0,0,0,0,0,0,0,0,0,0,0.10137839399976656
2,0,0,0,0,0,0,0,0,0,0,0,0,0,0,0,0,0,0,0,0,0,0,0,0,0,0.20179604896111414
3,0,0,0,0,0,0,0,0,0,0,0,0,0,0,0,0,0,0,0,0,0,0,0,0,0,0.30221491697011515
4,0,0,0,0,0,0,0,0,0,0,0,0,0,0,0,0,0,0,0,0,0,0,0,0,0,0.4026942490017973
5,0,0,0,0,0,0,0,0,0,0,0,0,0,0,0,0,0,0,0,0,0,0,0,0,0,0.5032817120081745
6,0,0,0,0,0,0,0,0,0,0,0,0,0,0,0,0,0,0,0,0,0,0,0,0,0,0.6040035570040345
7,0,0,0,0,0,0,0,0,0,0,0,0,0,0,0,0,0,0,0,0,0,0,0,0,0,0.7044183469843119
8,0,0,0,0,0,0,0,0,0,0,0,0,0,0,0,0,0,0,0,0,0,0,0,0,0,0.8049848409718834
9,0,0,0,0,0,0,0,0,0,0,0,0,0,0,0,0,0,0,0,0,0,0,0,0,0,0.9055136849638075
10,0,0,0,0,0,0,0,0,0,0,0,0,0,0,0,0,0,0,0,0,0,0,0,0,0,1.005949864978902
11,0,0,0,0,0,0,0,0,0,0,0,0,0,0,0,0,0,0,0,0,0,0,0,0,0,1.1064071739674546
12,0,0,0,0,0,0,0,0,0,0,0,0,0,0,0,0,0,0,0,0,0,0,0,0,0,1.2070329079870135
13,0,0,0,0,0,0,0,0,0,0,0,0,0,0,0,0,0,0,0,0,0,0,0,0,0,1.2574753829976544
14,0,0,0,0,0,0,0,0,0,0,0,0,0,0,0,0,0,0,0,0,0,0,0,0,0,1.3580219490104355
15,0,0,0,0,0,0,0,0,0,0,0,0,0,0,0,0,0,0,0,0,0,0,0,0,0,1.4586497659911402
16,0,0,0,0,0,0,0,0,0,0,0,0,0,0,0,0,0,0,0,0,0,0,0,0,0,1.5590494369971566
17,0,0,0,0,0,0,0,0,0,0,0,0,0,0,0,0,0,0,0,0,0,0,0,0,0,1.6594663899741136
18,0,0,0,0,0,0,0,0,0,0,0,0,0,0,0,0,0,0,0,0,0,0,0,0,0,1.7599650759948418
19,0,0,0,0,0,0,0,0,0,0,0,0,0,0,0,0,0,0,0,0,0,0,0,0,0,1.8604621489648707
20,0,0,0,0,0,0,0,0,0,0,0,0,0,0,0,0,0,0,0,0,0,0,0,0,0,1.960821204003878
21,0,0,0,0,0,0,0,0,0,0,0,0,0,0,0,0,0,0,0,0,0,0,0,0,0,2.061381564999465
22,0,0,0,0,0,0,0,0,0,0,0,0,0,0,0,0,0,0,0,0,0,0,0,0,0,2.1617939290008508
23,0,0,0,0,0,0,0,0,0,0,0,0,0,0,0,0,0,0,0,0,0,0,0,0,0,2.262438506993931
24,0,0,0,0,0,0,0,0,0,0,0,0,0,0,0,0,0,0,0,0,0,0,0,0,0,2.3629021059605293
25,3,0,0,0,29104,-112,-160,112,0,0,0,0,0,0,0,-32768,15536,-29984,0,0,0,0,0,0,0,2.4635767900035717
26,3,0,0,0,29104,-144,-112,144,0,0,0,0,0,0,-32,-352,0,-304,0,0,0,0,0,0,0,2.564203765010461
27,3,1,0,0,29088,-176,-96,272,0,0,500,0,0,0,-48,-336,0,-288,0,0,0,0,0,0,0,2.6649784870096482
28,3,5,0,0,29088,-144,-112,144,0,0,500,0,0,0,-32,-336,-32,-336,0,0,0,0,0,0,0,2.765692073968239
29,3,4,0,0,29088,-160,-128,128,0,0,500,0,0,0,-48,-336,-16,-320,0,0,0,0,0,0,0,2.8667304089758545
30,3,5,0,0,28896,-9568,-256,9568,0,0,1000,0,0,0,7520,-11104,2144,-9568,0,0,0,0,0,0,0,2.967238201003056
31,3,1,0,0,28560,48,24144,24192,0,0,1000,0,0,0,17664,-22736,24576,-20416,0,0,0,0,0,0,0,3.0676569860079326
32,3,5,0,0,28320,-32736,-208,32736,0,0,1000,0,0,0,32752,-32768,32752,-32752,0,0,0,0,0,0,0,3.168388044985477
33,3,5,16,0,28304,-32736,-656,32736,0,0,1500,0,0,0,32752,-32768,32752,-32752,0,0,0,0,0,0,0,3.269103834987618
34,3,0,0,0,28288,-32720,32736,32720,0,0,1000,0,0,0,32752,-32768,32752,-32752,0,0,0,0,0,0,0,3.3697420000098646
35,3,4,0,0,28464,-560,-25568,25568,0,0,1500,0,0,0,32752,-32768,32752,-32752,0,0,0,0,0,0,0,3.4704463289817795
36,3,3,0,0,28400,27568,-27728,27728,0,0,1500,0,0,0,32752,-32768,32752,-32752,0,0,0,0,0,0,0,3.5710103049641475
37,3,1,0,0,28352,-144,28560,28416,0,0,2500,0,0,0,32752,-32768,32752,-32752,0,0,0,0,0,0,0,3.67171193897957
38,3,0,0,0,28416,-31952,28720,31952,0,0,3500,0,0,0,32752,-32768,32752,-32752,0,0,0,0,0,0,0,3.772427918971516
39,4,0,0,16,28944,-2672,2176,2672,5460,1128,25000,13586,72,72,32752,-32768,32752,-32752,0,0,0,0,0,0,0,3.8729377539712004
40,4,0,0,16,28992,-1664,1088,1664,5460,969,32000,15862,225,225,10848,-7680,11184,-7408,0,0,0,0,0,0,0,3.9733593729906715
41,4,2,0,16,28976,4384,-2576,1808,5460,963,32000,16208,385,385,11264,-7984,11616,-7904,0,0,0,0,0,0,0,4.073814985982608
42,4,4,0,16,28992,-4016,-2256,2256,5460,975,32000,65535,545,545,11520,-8304,11696,-8096,0,0,0,0,0,0,0,4.1744227730087005
43,4,0,0,16,28976,-2672,7504,2672,5460,966,32000,15927,705,705,11648,-8464,11856,-8416,0,0,0,0,0,0,0,4.274994512961712
44,4,4,0,13,29056,-1280,-160,160,4290,1294,26000,65535,851,851,11552,-9344,11680,-8864,0,0,0,0,0,0,0,4.375564558955375
45,4,4,0,12,29056,-1632,-2208,2208,4000,1817,18000,8709,947,947,10800,-7440,10048,-8096,0,0,0,0,0,0,0,4.476292360981461
46,4,0,16,12,29024,-576,160,576,4000,1819,17000,8473,1032,1032,5984,-4192,5888,-4752,0,0,0,0,0,0,0,4.576664266001899
47,4,2,0,12,29040,48,-224,176,4000,1819,17000,8571,1117,1117,5776,-4208,5824,-4848,0,0,0,0,0,0,0,4.677083950955421
48,4,4,0,12,29008,-112,-256,256,4000,1840,17000,8604,1202,1202,5776,-4208,5904,-4944,0,0,0,0,0,0,0,4.777606919000391
49,4,0,0,12,29040,-400,0,400,4000,1820,17000,65535,1287,1287,5696,-4240,5920,-4624,0,0,0,0,0,0,0,4.878231859009247
50,4,2,0,12,28992,96,-176,80,4000,1823,17000,8547,1372,1372,5888,-4336,5984,-4672,0,0,0,0,0,0,0,4.978800962970126
51,4,4,0,12,28992,-112,-416,416,4000,1844,17000,8580,1457,1457,5872,-4320,6064,-4656,0,0,0,0,0,0,0,5.0793015089584514
52,4,0,0,12,28992,-720,768,720,4000,1828,17000,8427,1542,1542,5968,-4224,5776,-4752,0,0,0,0,0,0,0,5.179922618961427
53,4,2,0,12,29040,5248,-2320,2928,4000,1820,17000,65535,1627,1627,5840,-4176,5856,-4736,0,0,0,0,0,0,0,5.280363792960998
54,4,2,0,12,29040,368,-208,160,4000,1822,17000,8547,1711,1711,5904,-4240,5856,-4720,0,0,0,0,0,0,0,5.380738492007367
55,4,4,0,12,29008,-112,-384,384,4000,1853,17000,8538,1796,1796,5920,-4224,5808,-4816,0,0,0,0,0,0,0,5.481148899008986
56,4,0,0,12,29024,-624,496,624,4000,1830,17000,8473,1881,1881,5792,-4432,6160,-4816,0,0,0,0,0,0,0,5.5816591620096005
57,4,2,0,12,29040,2992,-1728,1264,4000,1827,17000,8519,1966,1966,5840,-4256,5808,-4864,0,0,0,0,0,0,0,5.682237211964093
58,4,2,0,12,29024,112,-208,96,4000,1830,17000,8566,2050,2050,5856,-4384,5984,-4800,0,0,0,0,0,0,0,5.7324935859651305
59,4,4,320,12,29024,-192,-384,384,4000,1854,17000,8524,2135,2135,5872,-4272,6016,-4848,0,0,0,0,0,0,0,5.832970677001867
60,4,0,2720,12,29040,-2928,4288,2928,4000,1826,17000,8418,2220,2220,5792,-4336,6064,-4704,0,0,0,0,0,0,0,5.9334194049588405
61,4,0,3072,12,29024,-544,176,544,4000,1831,17000,8468,2304,2304,5952,-4256,5872,-4896,0,0,0,0,0,0,0,6.033940227993298
62,4,2,4960,12,29056,1760,-864,896,4000,1832,17000,8547,2389,2389,5936,-4432,6080,-4720,0,0,0,0,0,0,0,6.134413450956345
63,4,2,6464,12,29056,352,-208,144,4000,1827,17000,65535,2473,2473,5840,-4320,5920,-4736,0,0,0,0,0,0,0,6.234934682957828
64,4,4,6832,12,29024,-96,-496,496,4000,1853,17000,8524,2558,2558,5936,-4384,6144,-4832,0,0,0,0,0,0,0,6.335575328965206
65,4,0,8592,13,28976,-1232,896,1232,4288,1712,17000,8938,2643,2643,5904,-4720,5936,-5120,0,0,0,0,0,0,0,6.436221515992656
66,4,0,9856,15,28928,-1472,1040,1472,4920,1213,25000,12682,2754,2754,8064,-5792,8480,-5408,0,0,0,0,0,0,0,6.536691371991765
67,4,0,9904,15,28944,-1824,1456,1824,4952,1145,26000,13377,2886,2886,9488,-6176,9792,-6080,0,0,0,0,0,0,0,6.6371903929975815
68,4,0,9904,15,28992,-1440,928,1440,4952,1147,27000,13493,3021,3021,9440,-6320,10064,-6032,0,0,0,0,0,0,0,6.737885280977935
69,4,0,9904,15,28976,-1376,880,1376,4960,1149,27000,13504,3156,3156,9248,-6400,9968,-6032,0,0,0,0,0,0,0,6.838526948995423
70,4,0,9920,15,28992,-1216,1040,1216,4944,1140,27000,65535,3291,3291,9536,-6192,10080,-6176,0,0,0,0,0,0,0,6.939233116980176
71,4,0,9904,15,28976,-3872,9072,3872,4952,1149,27000,13493,3426,3426,9408,-6192,9888,-6064,0,0,0,0,0,0,0,7.0399994279723614
72,4,0,10080,15,29104,-2640,3376,2640,5011,1135,27000,13694,3561,3561,9584,-6080,10016,-6240,0,0,0,0,0,0,0,7.140609645983204
73,4,2,11072,16,28976,1216,-192,1024,5367,1064,28000,14685,3700,3700,9600,-6432,9936,-6272,0,0,0,0,0,0,0,7.241260299982969
74,4,0,12352,18,28944,-4752,7632,4752,6163,830,37000,18645,3867,3867,12256,-7968,12608,-8160,0,0,0,0,0,0,0,7.34205751796253
75,4,4,12432,18,28960,-192,-3168,3168,6208,818,38000,19385,4055,4055,13360,-9200,13376,-9632,0,0,0,0,0,0,0,7.442573599983007
76,4,2,12416,18,28912,1616,-624,992,6208,809,38000,19266,4246,4246,13712,-10032,12992,-9840,0,0,0,0,0,0,0,7.543302148988005
77,4,0,12448,18,28944,-160,-3136,160,6216,807,39000,19054,4437,4437,13872,-9888,13152,-9952,0,0,0,0,0,0,0,7.64380544697633
78,4,2,12448,18,28944,2208,-192,2016,6211,803,38000,19482,4627,4627,13840,-9968,14000,-9920,0,0,0,0,0,0,0,7.744542341970373
79,4,0,12464,19,28944,-2544,1984,2544,6232,804,38000,19195,4818,4818,13904,-9888,12784,-9840,0,0,0,0,0,0,0,7.845154893992003
80,4,0,12464,18,28928,-3888,11888,3888,6219,800,39000,19290,5010,5010,13696,-9680,13856,-9856,0,0,0,0,0,0,0,7.945632743998431
81,4,4,12464,19,28944,-144,-496,496,6240,812,38000,19580,5201,5201,13648,-9584,13520,-9648,0,0,0,0,0,0,0,8.046062524954323
82,4,4,12560,19,28896,-160,-3088,3088,6267,801,38000,65535,5393,5393,13872,-9872,13680,-9936,0,0,0,0,0,0,0,8.146608160983305
83,4,4,13376,20,28912,-512,-1616,1616,6693,750,41000,20973,5591,5591,13792,-9728,13744,-9888,0,0,0,0,0,0,0,8.247229959000833
84,4,0,14016,21,28880,-2192,2208,2192,7000,713,43000,21701,5802,5802,15360,-10096,14800,-10752,0,0,0,0,0,0,0,8.347740769968368
85,4,2,16656,25,28848,2672,-560,2112,8242,589,51000,26085,6037,6037,15920,-11024,15632,-10480,0,0,0,0,0,0,0,8.448099695960991
86,4,0,17456,26,28800,-2304,1696,2304,8728,534,57000,65535,6312,6312,18496,-13456,18720,-13232,0,0,0,0,0,0,0,8.548564340977464
87,4,2,17664,26,28880,-4064,3488,576,8824,521,58000,29370,6601,6601,18096,-13152,18128,-13712,0,0,0,0,0,0,0,8.648973000003025
88,4,0,17664,26,28832,-1168,480,1168,8840,527,58000,29096,6891,6891,18736,-13072,18512,-13520,0,0,0,0,0,0,0,8.749592022970319
89,4,0,17680,26,28848,-4752,10944,4752,8840,526,58000,29205,7182,7182,18848,-13408,20640,-13584,0,0,0,0,0,0,0,8.85031158500351
90,4,0,17648,26,28912,-7504,16064,7504,8824,524,58000,29151,7473,7473,18448,-13008,18272,-13232,0,0,0,0,0,0,0,8.951053567987401
91,4,4,17648,26,28848,-9040,-4128,4128,8816,532,58000,29536,7763,7763,19056,-13152,18928,-13920,0,0,0,0,0,0,0,9.051379673008341
92,4,2,17664,26,28864,-304,-272,576,8824,530,58000,29592,8053,8053,17648,-13136,18416,-12608,0,0,0,0,0,0,0,9.151750750956126
93,4,2,17632,26,28848,12496,-8752,3744,8819,519,58000,29536,8344,8344,18592,-12992,18784,-13424,0,0,0,0,0,0,0,9.252303388959263
94,4,0,17696,27,28896,-4112,3424,4112,8848,529,58000,29648,8634,8634,18640,-12864,18464,-13392,0,0,0,0,0,0,0,9.352941686986014
95,4,2,17808,27,28864,3888,-1296,2592,8904,516,58000,29592,8926,8926,18960,-12992,19584,-13760,0,0,0,0,0,0,0,9.453473255969584
96,4,2,17888,27,28896,2464,-2848,384,8936,512,59000,29875,9220,9220,18400,-14096,19584,-13296,0,0,0,0,0,0,0,9.55412185296882
97,4,4,18576,28,28864,-144,-912,912,9202,512,59000,30879,9515,9515,18176,-13232,19824,-13072,0,0,0,0,0,0,0,9.654773716989439
98,4,4,20160,30,28752,-64,-224,224,10096,455,66000,34265,9833,9833,19888,-14656,20016,-13056,0,0,0,0,0,0,0,9.755161295994185
99,4,0,20256,30,28864,-6496,16720,6496,10128,452,68000,34799,10173,10173,19856,-14928,20256,-14112,0,0,0,0,0,0,0,9.855668357980903
100,4,4,20288,30,28816,-9728,-4848,4848,10147,447,68000,65535,10514,10514,20032,-14800,19536,-14176,0,0,0,0,0,0,0,9.956235644000117
101,4,4,21904,33,28800,-96,-2560,2560,10952,421,71000,36851,10862,10862,21136,-14496,20208,-14784,0,0,0,0,0,0,0,10.056582015007734
102,4,4,22080,33,28848,-10864,-6688,6688,11040,406,75000,38580,11234,11234,22416,-14480,20288,-16192,0,0,0,0,0,0,0,10.156999128987081
103,4,0,22144,33,28784,-6912,17984,6912,11080,403,76000,38017,11610,11610,20592,-15808,23488,-15312,0,0,0,0,0,0,0,10.257567004009616
104,4,2,22496,34,28784,15920,-10704,5216,11261,390,76000,39258,11989,11989,19456,-15392,22064,-14320,0,0,0,0,0,0,0,10.307985557999928
105,4,2,22624,34,28800,3872,-1008,2864,11304,396,77000,38771,12373,12373,22592,-14224,21184,-16672,0,0,0,0,0,0,0,10.40840593795292
106,4,2,23296,35,28784,17456,-11424,6032,11656,379,79000,40903,12763,12763,20800,-16352,22016,-15392,0,0,0,0,0,0,0,10.508823320968077
107,4,4,23760,36,28800,-9984,-6896,6896,11880,375,81000,41666,13163,13163,23248,-17472,24160,-17104,0,0,0,0,0,0,0,10.609389933990315
108,4,0,23968,36,28800,-6640,13024,6640,11971,367,82000,41226,13569,13569,23040,-16144,24224,-16624,0,0,0,0,0,0,0,10.709968518989626
109,4,0,23984,36,28832,-5536,6368,5536,12000,369,82000,42459,13980,13980,21168,-16464,22960,-15472,0,0,0,0,0,0,0,10.810688468976878
110,4,2,23968,36,28768,20848,-14256,6592,11992,375,83000,41890,14392,14392,21088,-16160,23168,-15184,0,0,0,0,0,0,0,10.911280400003307
111,4,2,23968,36,28784,-544,-352,896,11984,376,82000,42002,14803,14803,21200,-15904,22736,-15312,0,0,0,0,0,0,0,11.011945195961744
112,4,4,23936,36,28848,-6768,-4832,4832,11968,368,82000,42691,15215,15215,21184,-16576,22832,-15296,0,0,0,0,0,0,0,11.112343874003273
113,4,4,23920,36,28784,-7696,-4960,4960,11968,378,82000,41555,15626,15626,21168,-16480,23152,-15680,0,0,0,0,0,0,0,11.21302847599145
114,4,4,23968,36,28800,-12848,-6640,6640,11976,378,82000,41445,16037,16037,21408,-16560,23200,-15664,0,0,0,0,0,0,0,11.313650220981799
115,4,4,23936,36,28816,-4688,-5040,5040,11976,367,82000,42808,16448,16448,21232,-16736,23008,-15488,0,0,0,0,0,0,0,11.414342648000456
116,4,4,23936,36,28832,-160,768,768,11976,373,82000,42115,16859,16859,21504,-16624,22912,-15856,0,0,0,0,0,0,0,11.514742567960639
117,4,0,23984,36,28816,-3344,2480,3344,11992,372,82000,65535,17271,17271,20752,-15776,22608,-14736,0,0,0,0,0,0,0,11.61535532597918
118,4,2,24000,36,28848,14560,-9616,4944,12008,366,82000,43044,17683,17683,21024,-16448,22720,-15168,0,0,0,0,0,0,0,11.715866554004606
119,4,4,24112,36,28800,-128,-432,432,12035,371,82000,42459,18095,18095,20304,-16016,22560,-14368,0,0,0,0,0,0,0,11.816563509986736
120,4,0,25024,38,28768,-6048,17280,6048,12499,362,85000,43890,18513,18513,22160,-17264,21888,-16416,0,0,0,0,0,0,0,11.917120984988287
121,4,4,25568,38,28800,-96,-704,704,12755,352,87000,45421,18944,18944,22672,-16512,23216,-16496,0,0,0,0,0,0,0,12.017769559985027
122,4,2,25888,39,28816,960,-320,640,12941,341,88000,45553,19384,19384,24144,-16016,24048,-18096,0,0,0,0,0,0,0,12.118179587996565
123,4,4,25936,39,28784,-80,128,128,12981,341,88000,45553,19826,19826,24880,-17168,24704,-18352,0,0,0,0,0,0,0,12.218836536980234
124,4,2,25968,39,28864,2688,-3136,448,12971,341,89000,45553,20269,20269,21360,-13440,19008,-16464,0,0,0,0,0,0,0,12.319390624004882
125,4,4,25984,39,28800,-11392,-6800,6800,12992,346,89000,46364,20711,20711,20992,-13184,18784,-16064,0,0,0,0,0,0,0,12.419914905971382
126,4,0,26160,39,28816,-80,-2064,80,13067,335,90000,46921,21156,21156,32736,-17440,24608,-23872,0,0,0,0,0,0,0,12.520301849988755
127,4,0,26432,40,28768,-112,2352,112,13216,328,91000,45955,21609,21609,23136,-15712,23024,-16288,0,0,0,0,0,0,0,12.620921791007277
128,4,0,26736,40,28848,-160,-672,160,13352,327,91000,46227,22065,22065,22656,-15904,22464,-15680,0,0,0,0,0,0,0,12.721514910983387
129,4,0,27024,41,28800,-1568,784,1568,13504,322,93000,47205,22527,22527,23568,-16000,21952,-16784,0,0,0,0,0,0,0,12.822284171008505
130,4,0,27536,41,28832,-2448,1680,2448,13760,319,94000,47782,22995,22995,22912,-15008,22784,-15632,0,0,0,0,0,0,0,12.923002113995608
131,4,0,27600,42,28784,-4320,4032,4320,13808,324,95000,49135,23469,23469,22096,-15584,24336,-15440,0,0,0,0,0,0,0,13.023455632966943
132,4,2,28672,43,28736,2960,-384,2576,14292,308,96000,49761,23947,23947,24048,-14640,23840,-16496,0,0,0,0,0,0,0,13.123828339972533
133,4,0,30080,45,28816,-672,-288,672,15048,289,102000,52083,24450,24450,23248,-17760,25104,-16752,0,0,0,0,0,0,0,13.224429553956725
134,4,2,30128,45,28816,816,-336,480,15072,297,103000,52966,24967,24967,25728,-15968,25424,-17888,0,0,0,0,0,0,0,13.324983149999753
135,4,2,30160,46,28720,13904,-8752,5152,15080,291,104000,53694,25486,25486,25504,-15664,24704,-17616,0,0,0,0,0,0,0,13.425638335000258
136,4,2,30176,46,28800,1872,-2624,752,15083,284,104000,53146,26005,26005,25216,-15376,24848,-17296,0,0,0,0,0,0,0,13.526062376971822
137,4,2,30208,46,28848,-4880,3856,1024,15112,286,104000,52609,26524,26524,24816,-15280,25120,-17632,0,0,0,0,0,0,0,13.626500707003288
138,4,2,30432,46,28704,13520,-7408,6112,15208,287,104000,52432,27043,27043,25456,-15568,24432,-17568,0,0,0,0,0,0,0,13.726799584983382
139,4,2,33712,49,28800,1584,-336,1248,16192,273,108000,56407,27574,27574,23424,-17424,26080,-17552,0,0,0,0,0,0,0,13.82718337199185
140,4,0,33680,51,28848,-16,1872,16,16840,263,115000,59185,28140,28140,28304,-15584,29440,-18512,0,0,0,0,0,0,0,13.92776320700068
141,4,2,33696,51,28800,2384,-448,1936,16835,263,114000,58962,28711,28711,17072,-10928,17408,-11776,0,0,0,0,0,0,0,14.028270454960875
142,4,0,33312,50,28720,-64,3072,64,16696,263,115000,59185,29283,29283,17888,-11776,18192,-12416,0,0,0,0,0,0,0,14.128879442985635
143,4,2,33360,50,28784,17760,-12464,5296,16678,263,114000,58962,29854,29854,18400,-12432,18640,-12960,0,0,0,0,0,0,0,14.229412298009265
144,4,4,33376,50,28784,-32,-1520,1520,16696,263,114000,59185,30425,30425,18240,-12240,18512,-12768,0,0,0,0,0,0,0,14.330038157000672
145,4,2,33360,50,28816,16976,-11840,5136,16659,263,114000,58962,30997,30997,18432,-12400,18576,-12992,0,0,0,0,0,0,0,14.43040554295294
146,4,4,33360,50,28768,-64,-832,832,16664,263,114000,59185,31568,31568,18640,-12512,18784,-13200,0,0,0,0,0,0,0,14.53089973598253
147,4,2,33328,50,28752,2368,-3104,736,16664,263,115000,58962,32140,32140,18368,-12368,18560,-12976,0,0,0,0,0,0,0,14.631509393977467
148,4,4,33328,50,28848,-80,-3232,3232,16672,263,114000,59185,32711,32711,19152,-12944,19136,-13632,0,0,0,0,0,0,0,14.732032391009852
149,4,2,33328,50,28832,-2112,1216,896,16664,263,115000,58962,33283,33283,18960,-12816,18976,-13600,0,0,0,0,0,0,0,14.832662247994449
150,4,4,33344,50,28800,-1856,-6192,6192,16672,263,114000,59185,33854,33854,18400,-12400,18672,-13104,0,0,0,0,0,0,0,14.882964712975081
151,4,0,33536,51,28800,-2688,1776,2688,16755,263,114000,59185,34425,34425,18064,-12096,18416,-12720,0,0,0,0,0,0,0,14.98336949798977
152,4,4,33808,51,28752,-8912,-5568,5568,16936,263,114000,58962,34997,34997,17024,-11024,17328,-11792,0,0,0,0,0,0,0,15.083867156994529
153,4,0,33888,51,28832,-2256,1312,2256,16957,263,114000,59185,35568,35568,14992,-9280,15248,-10304,0,0,0,0,0,0,0,15.184326232993044
154,4,4,33952,51,28848,-8544,-5504,5504,16968,263,115000,58962,36140,36140,14560,-8976,14656,-9904,0,0,0,0,0,0,0,15.284782483999152
155,4,0,34016,51,28816,-2256,1296,2256,17008,263,114000,59185,36711,36711,14144,-8736,14368,-9664,0,0,0,0,0,0,0,15.385314104962163
156,4,0,37264,53,28752,-5840,13792,5840,17498,257,116000,60562,37284,37284,23440,-15568,23968,-18576,0,0,0,0,0,0,0,15.485933171003126
157,4,0,40272,57,28768,-304,-7648,304,18798,236,126000,65535,37896,37896,24848,-16672,26864,-16544,0,0,0,0,0,0,0,15.586381225963123
158,4,4,40192,61,28464,-176,-8944,8944,20088,224,132000,65535,38547,38547,27408,-16864,29360,-21072,0,0,0,0,0,0,0,15.686904591973871
159,4,0,40160,61,28560,48,128,48,20088,222,137000,65535,39228,39228,28432,-18480,28720,-18848,0,0,0,0,0,0,0,15.787524649989791
160,4,0,40080,61,28688,-6000,11520,6000,20032,223,138000,65535,39915,39915,22016,-15024,25472,-15776,0,0,0,0,0,0,0,15.888245104986709
161,4,4,40048,61,28832,-14128,-7776,7776,20019,216,137000,65535,40601,40601,22656,-15744,25664,-16144,0,0,0,0,0,0,0,15.988801372004673
162,4,2,39936,60,28688,-3104,-10768,6256,19987,220,137000,65535,41287,41287,22992,-14624,18704,-15600,0,0,0,0,0,0,0,16.089245620009024
163,4,4,39936,60,28672,-96,-80,80,19984,222,137000,65535,41972,41972,17840,-15328,18080,-11536,0,0,0,0,0,0,0,16.189791476994287
164,4,2,39968,61,28832,576,-464,112,19992,213,137000,65535,42658,42658,17824,-15120,17952,-11376,0,0,0,0,0,0,0,16.290242396993563
165,4,0,39968,60,28752,-8704,17312,8704,19984,218,137000,65535,43344,43344,17600,-14880,17744,-11232,0,0,0,0,0,0,0,16.390814602957107
166,4,4,39920,60,28704,-800,32,32,19944,222,138000,65535,44030,44030,17824,-15136,18032,-11408,0,0,0,0,0,0,0,16.491223433986306
167,4,0,39920,60,28736,-464,-672,464,19973,212,137000,65535,44715,44715,17936,-15456,18112,-11424,0,0,0,0,0,0,0,16.591816128988285
168,4,4,40016,61,28880,-13456,-7568,7568,20008,216,137000,65535,45401,45401,18048,-15472,18208,-11616,0,0,0,0,0,0,0,16.692509362008423
169,4,2,40224,61,28720,11744,-8304,3440,20120,212,137000,65535,46087,46087,22864,-14256,24896,-15552,0,0,0,0,0,0,0,16.793483830988407
170,4,4,41776,63,28768,752,368,368,20883,217,140000,65535,46778,46778,22160,-15472,25008,-17664,0,0,0,0,0,0,0,16.894302198954392
171,4,4,42032,64,28720,-464,48,48,21003,215,142000,65535,47483,47483,22272,-13840,21104,-14640,0,0,0,0,0,0,0,16.99490693595726
172,4,4,42032,64,28720,80,-5184,5184,21001,215,141000,65535,48188,48188,19104,-9552,9344,-10768,0,0,0,0,0,0,0,17.09558796597412
173,4,0,42000,64,28752,-976,-112,976,21000,206,141000,65535,48894,48894,18944,-9344,9296,-10624,0,0,0,0,0,0,0,17.196164047985803
174,4,2,41968,64,28784,7872,-1072,6800,20974,210,141000,65535,49600,49600,18752,-9264,8944,-10528,0,0,0,0,0,0,0,17.296594347979408
175,4,4,41904,63,28720,-48,-3552,3552,20968,215,141000,65535,50306,50306,18704,-9232,8944,-10656,0,0,0,0,0,0,0,17.39722920098575
176,4,0,41936,63,28736,-2912,8080,2848,20963,206,141000,65535,51012,51012,19152,-9648,9600,-10976,0,0,0,0,0,0,0,17.49767980899196
177,4,2,41904,63,28768,16688,-8992,7696,20958,210,141000,65535,51718,51718,18976,-9520,9440,-10736,0,0,0,0,0,0,0,17.59824243595358
178,4,4,41904,63,28768,-384,48,48,20947,215,141000,65535,52424,52424,19136,-9680,9712,-10864,0,0,0,0,0,0,0,17.69892253295984
179,4,0,41888,63,28736,576,-2928,576,20960,206,142000,65535,53130,53130,19328,-9808,9648,-10928,0,0,0,0,0,0,0,17.799566943955142
180,4,2,41888,63,28800,-7120,6000,1120,20968,210,141000,65535,53836,53836,19424,-10000,10128,-11296,0,0,0,0,0,0,0,17.900298658001702
181,4,2,41984,64,28736,4272,-480,3792,21000,210,141000,65535,54541,54541,19232,-9744,9808,-11008,0,0,0,0,0,0,0,18.000718507973943
182,4,4,42128,64,28736,64,-1472,1472,21035,215,141000,65535,55247,55247,18688,-9184,9024,-10576,0,0,0,0,0,0,0,18.101250446983613
183,4,0,42368,64,28768,-1360,288,1360,21168,207,141000,65535,55953,55953,19776,-9168,9184,-11264,0,0,0,0,0,0,0,18.201776434958447
184,4,0,42864,65,28720,-5632,4640,5632,21414,206,143000,65535,56664,56664,24384,-14032,20880,-18224,0,0,0,0,0,0,0,18.30219819798367
185,4,0,42848,65,28656,-1104,592,1104,21419,204,144000,65535,57384,57384,22704,-12016,20256,-14400,0,0,0,0,0,0,0,18.40286566998111
186,4,0,42896,65,28640,-1072,416,1072,21477,204,144000,65535,58104,58104,18800,-11360,18608,-10704,0,0,0,0,0,0,0,18.503519847989082
187,4,0,42992,65,28704,-1120,576,1120,21488,203,144000,65535,58824,58824,18704,-11232,18336,-10272,0,0,0,0,0,0,0,18.604052648996003
188,4,0,43024,65,28720,-672,80,672,21478,203,144000,65535,59544,59544,18640,-11168,18416,-10448,0,0,0,0,0,0,0,18.704650781000964
189,4,2,43344,66,28864,17584,-9648,7936,21685,206,145000,65535,60265,60265,21152,-12464,19520,-15696,0,0,0,0,0,0,0,18.805064087966457
190,4,2,43920,67,28784,-8336,-128,8464,21960,200,145000,65535,60988,60988,21056,-16272,27712,-16992,0,0,0,0,0,0,0,18.905644517973997
191,4,2,44304,67,28768,9872,-304,9568,22176,207,145000,65535,61714,61714,22832,-19664,24432,-17520,0,0,0,0,0,0,0,19.005980780988466
192,4,0,44368,67,28816,-912,-160,912,22200,201,145000,65535,62442,62442,23456,-19984,22896,-18832,0,0,0,0,0,0,0,19.106552913959604
193,4,0,44720,68,28752,-128,-10144,128,22360,198,148000,65535,63174,63174,23360,-18016,24704,-21600,0,0,0,0,0,0,0,19.207093207980506
194,4,2,44944,68,28656,19056,-7424,11632,22472,197,148000,65535,63913,63913,21808,-19600,23952,-25200,0,0,0,0,0,0,0,19.307774013956077
195,4,2,45056,68,29072,-2880,-480,3360,22536,190,147000,65535,64651,64651,20432,-22560,21968,-26592,0,0,0,0,0,0,0,19.408297415997367
196,4,4,45296,69,29008,-2048,8624,8624,22635,196,148000,65535,65390,65390,21760,-29712,28688,-31520,0,0,0,0,0,0,0,19.45866968797054
197,4,0,45360,69,28736,-2368,1888,2368,22680,196,148000,65535,593,593,22080,-31520,31200,-31808,0,0,0,0,0,0,0,19.559215201996267
198,4,4,45552,69,29056,-64,5456,5456,22744,198,148000,65535,1333,1333,22464,-32032,32592,-23120,0,0,0,0,0,0,0,19.659796551975887
199,4,2,45952,70,28800,8192,-1616,6576,22976,200,151000,65535,2082,2082,29408,-25040,26336,-24160,0,0,0,0,0,0,0,19.760334060003515
200,4,0,46384,70,28944,-4944,4064,4944,23216,197,153000,65535,2843,2843,24064,-16448,23776,-18160,0,0,0,0,0,0,0,19.86081138596637
201,4,2,46592,71,28800,-1600,-464,2064,23272,189,153000,65535,3609,3609,25920,-16896,26800,-18896,0,0,0,0,0,0,0,19.961492753005587
202,4,0,46960,71,28608,-256,-9328,256,23467,189,155000,65535,4379,4379,27472,-18704,24960,-19392,0,0,0,0,0,0,0,20.062077409005724
203,4,0,47184,71,28384,-6176,5168,6176,23571,199,154000,65535,5150,5150,22416,-19328,28352,-20480,0,0,0,0,0,0,0,20.16258276597364
204,4,0,47520,72,28800,112,-6448,112,23720,186,155000,65535,5924,5924,27728,-20320,27504,-19056,0,0,0,0,0,0,0,20.26318975299364
205,4,0,47552,72,28544,-80,-8896,80,23779,188,155000,65535,6698,6698,26240,-18224,24528,-19280,0,0,0,0,0,0,0,20.363640307972673
206,4,0,48112,73,28576,-5360,4368,5360,24032,190,155000,65535,7472,7472,21904,-19584,23824,-18384,0,0,0,0,0,0,0,20.464018886967096
207,4,2,48576,74,28880,2928,-464,2464,24288,175,160000,65535,8262,8262,32624,-26912,32704,-30608,0,0,0,0,0,0,0,20.564639830961823
208,4,0,48976,74,28704,-4480,4080,4480,24480,184,160000,65535,9062,9062,32752,-24736,32752,-27408,0,0,0,0,0,0,0,20.66525948100025
209,4,4,49072,74,28720,-832,-3488,3488,24544,184,160000,65535,9862,9862,7792,-18144,7712,-20448,0,0,0,0,0,0,0,20.765945325954817
210,4,2,49072,74,28720,2640,-496,2144,24544,184,160000,65535,10662,10662,7600,-18320,7456,-20464,0,0,0,0,0,0,0,20.866584092960693
211,4,0,49136,74,28736,-4320,3872,4320,24526,184,160000,65535,11462,11462,7360,-18240,7216,-20592,0,0,0,0,0,0,0,20.967272661975585
212,4,4,49168,75,28736,-272,-1936,1936,24592,184,160000,65535,12262,12262,7488,-18464,7248,-21120,0,0,0,0,0,0,0,21.067886471981183
213,4,2,49344,75,28704,2528,-480,2048,24664,184,160000,65535,13062,13062,7312,-18944,7280,-21296,0,0,0,0,0,0,0,21.168595950002782
214,4,0,49888,76,28720,-3072,2240,3072,24960,184,160000,65535,13862,13862,6752,-19616,6656,-22928,0,0,0,0,0,0,0,21.269209106976632
215,4,2,50208,76,28816,3776,-1008,2768,25080,187,162000,65535,14664,14664,27344,-25584,26144,-31600,0,0,0,0,0,0,0,21.369732666993514
216,4,2,50496,77,28720,5792,-416,5376,25248,176,162000,65535,15477,15477,22864,-17248,22112,-18976,0,0,0,0,0,0,0,21.470352206961252
217,4,0,50528,77,28656,-4256,4176,4256,25264,186,163000,65535,16292,16292,22080,-18208,21280,-18592,0,0,0,0,0,0,0,21.570979580981657
218,4,4,50560,77,28592,-9136,-5760,5760,25267,184,163000,65535,17107,17107,21824,-14624,25680,-18976,0,0,0,0,0,0,0,21.671403473999817
219,4,0,50592,77,28608,-5712,5456,5712,25293,183,163000,65535,17921,17921,22080,-16496,21456,-19888,0,0,0,0,0,0,0,21.77213766798377
220,4,4,50672,77,28736,-800,2496,2496,25331,181,164000,65535,18736,18736,22912,-17696,21504,-17184,0,0,0,0,0,0,0,21.872716841986403
221,4,2,50784,77,28832,1456,-512,944,25382,186,163000,65535,19551,19551,22112,-14672,20960,-17744,0,0,0,0,0,0,0,21.973500007996336
222,4,0,50976,77,28544,16,-6816,16,25480,184,164000,65535,20369,20369,21904,-15296,20528,-18368,0,0,0,0,0,0,0,22.07407754799351
223,4,2,51104,77,29072,17504,-4352,13152,25536,176,164000,65535,21186,21186,21536,-15440,20352,-19232,0,0,0,0,0,0,0,22.174780642963015
224,4,0,51264,78,28704,-3536,3536,3536,25624,185,164000,65535,22004,22004,21360,-15152,19936,-16960,0,0,0,0,0,0,0,22.275405681983102
225,4,4,51600,78,28624,-672,-5328,5328,25760,183,163000,65535,22822,22822,20816,-10656,17232,-12384,0,0,0,0,0,0,0,22.376136888982728
226,4,2,52448,80,28640,-10624,-1632,12256,26232,174,165000,65535,23643,23643,22576,-12544,25728,-18464,0,0,0,0,0,0,0,22.476599193003494
227,4,2,52688,80,28608,4544,-896,3648,26339,167,166000,65535,24474,24474,26368,-13664,24032,-17568,0,0,0,0,0,0,0,22.577052610984538
228,4,2,52688,80,28736,-9072,-1264,10336,26334,178,167000,65535,25308,25308,24752,-11840,21760,-14800,0,0,0,0,0,0,0,22.677485539985355
229,4,0,52736,80,28976,-9232,18464,9232,26342,175,167000,65535,26141,26141,24752,-11280,20448,-14384,0,0,0,0,0,0,0,22.77817803499056
230,4,4,52720,80,28704,-176,-2720,2720,26386,181,166000,65535,26974,26974,20608,-11072,19568,-13200,0,0,0,0,0,0,0,22.878780750965234
231,4,4,52896,80,28624,-784,3504,3504,26456,179,167000,65535,27808,27808,20448,-10944,19216,-13072,0,0,0,0,0,0,0,22.9794037459651
232,4,2,53264,81,28864,14736,-1456,13280,26635,173,167000,65535,28641,28641,19872,-10816,18800,-13408,0,0,0,0,0,0,0,23.079962720978074
233,4,0,53552,81,28720,-2864,2944,2864,26792,182,166000,65535,29474,29474,19904,-10560,18688,-14592,0,0,0,0,0,0,0,23.18063430598704
234,4,2,54096,82,28688,-6848,-1264,8112,27019,176,168000,65535,30309,30309,28256,-11792,23168,-16864,0,0,0,0,0,0,0,23.281205061008222
235,4,4,54224,82,28656,-7376,-5936,5936,27096,173,170000,65535,31153,31153,32592,-13680,24416,-18976,0,0,0,0,0,0,0,23.38183350500185
236,4,0,54544,83,28944,-8000,10224,8000,27264,172,170000,65535,32003,32003,25808,-11328,24928,-20544,0,0,0,0,0,0,0,23.482356933003757
237,4,0,54544,83,28624,-1088,-10768,1088,27272,178,171000,65535,32855,32855,32752,-11760,23360,-21456,0,0,0,0,0,0,0,23.58305247197859
238,4,4,54544,83,28976,-9056,-9392,9392,27280,170,170000,65535,33706,33706,25888,-11104,23744,-18688,0,0,0,0,0,0,0,23.683592760993633
239,4,4,54608,83,28864,-1024,4512,4512,27294,176,171000,65535,34558,34558,32752,-11904,32432,-20896,0,0,0,0,0,0,0,23.784233968995977
240,4,2,54672,83,29088,8592,-496,8096,27328,172,170000,65535,35409,35409,26000,-15216,32608,-18768,0,0,0,0,0,0,0,23.834564470977057
241,4,2,54656,83,28608,2272,-2912,640,27296,176,170000,65535,36261,36261,25056,-11584,32528,-18528,0,0,0,0,0,0,0,23.934919172956143
242,4,0,54448,83,28720,-592,-7024,592,27232,175,170000,65535,37112,37112,32704,-11936,32704,-20912,0,0,0,0,0,0,0,24.03533935698215
243,4,2,54416,82,28880,8624,-448,8176,27168,170,170000,65535,37962,37962,32752,-11728,23392,-20112,0,0,0,0,0,0,0,24.13587696000468
244,4,0,54464,83,28720,-4208,4656,4208,27256,175,170000,65535,38813,38813,24976,-11360,32336,-20304,0,0,0,0,0,0,0,24.236516233009752
245,4,4,55520,84,28816,-720,-1488,1488,27659,174,172000,65535,39667,39667,30848,-13328,31184,-20720,0,0,0,0,0,0,0,24.337106093997136
246,4,4,58288,88,28736,-496,-400,400,28959,168,178000,65535,40549,40549,32704,-13600,32624,-22608,0,0,0,0,0,0,0,24.43757110997103
247,4,0,58480,89,28736,-3408,7584,3408,29216,162,178000,65535,41438,41438,19392,-6000,16416,-16128,0,0,0,0,0,0,0,24.538081953010987
248,4,2,58448,89,28576,-5072,-4240,9312,29237,168,178000,65535,42327,42327,19392,-5728,16192,-16048,0,0,0,0,0,0,0,24.638761270965915
249,4,4,58416,89,28672,-4832,-6800,6800,29232,162,178000,65535,43216,43216,19200,-5744,16272,-16208,0,0,0,0,0,0,0,24.739367011992726
250,4,0,58432,89,28624,-3568,-10176,3568,29222,168,178000,65535,44105,44105,19344,-5632,16320,-16192,0,0,0,0,0,0,0,24.840083618997596
251,4,2,58352,89,28656,-5440,15824,10384,29214,162,177000,65535,44994,44994,19200,-5616,16288,-16064,0,0,0,0,0,0,0,24.940713844960555
252,4,2,58352,89,28656,11392,-320,11072,29171,162,177000,65535,45882,45882,19088,-5712,16272,-16128,0,0,0,0,0,0,0,25.041290441004094
253,4,4,58352,89,28736,-912,-3264,3264,29176,168,178000,65535,46771,46771,18992,-5744,16384,-16336,0,0,0,0,0,0,0,25.14197823399445
254,4,0,58448,89,28720,-3344,7584,3344,29216,162,178000,65535,47660,47660,19088,-5744,16256,-16272,0,0,0,0,0,0,0,25.24273853196064
255,4,2,58624,89,28704,928,-416,512,29307,168,178000,65535,48549,48549,19520,-5680,16368,-16192,0,0,0,0,0,0,0,25.343304726993665
256,4,2,59248,90,28032,-3360,9760,6400,29640,158,180000,65535,49440,49440,24608,-11536,21392,-16848,0,0,0,0,0,0,0,25.443800159962848
257,4,4,60096,91,28720,-528,-3200,3200,30008,149,190000,65535,50371,50371,26256,-11504,21504,-16208,0,0,0,0,0,0,0,25.54435664700577
258,4,0,60176,91,28528,96,1696,96,30112,156,190000,65535,51323,51323,24944,-11616,21600,-13344,0,0,0,0,0,0,0,25.645040503004566
259,4,4,60304,91,28848,4576,608,608,30144,148,191000,65535,52276,52276,23600,-11088,20240,-11456,0,0,0,0,0,0,0,25.74572987796273
260,4,0,60256,91,28528,-208,-2352,208,30136,156,190000,65535,53228,53228,23408,-11072,20016,-11536,0,0,0,0,0,0,0,25.846432839985937
261,4,4,60256,91,28832,4368,848,848,30128,148,190000,65535,54181,54181,23168,-10864,19952,-11360,0,0,0,0,0,0,0,25.94712632300798
262,4,0,60272,91,28400,-2624,-9056,2624,30141,156,191000,65535,55133,55133,24448,-11072,20016,-13952,0,0,0,0,0,0,0,26.047706684970763
263,4,2,60304,91,28832,5344,-640,4704,30144,150,190000,65535,56085,56085,24144,-11056,19856,-13520,0,0,0,0,0,0,0,26.148254383995663
264,4,0,60448,92,28496,-2560,-8928,2560,30211,156,191000,65535,57038,57038,24496,-11008,19840,-13952,0,0,0,0,0,0,0,26.2489607000025
265,4,2,62016,94,28656,16112,-8352,7760,30992,145,193000,65535,57993,57993,24432,-10752,21920,-12608,0,0,0,0,0,0,0,26.349685610970482
266,4,4,62864,95,28512,-112,-864,864,31397,153,195000,65535,58966,58966,23968,-12752,21760,-15296,0,0,0,0,0,0,0,26.450398549961392
267,4,4,62976,96,28304,-464,-352,352,31488,153,195000,65535,59944,59944,22368,-13952,22032,-15104,0,0,0,0,0,0,0,26.550780689984094
268,4,4,62944,96,28096,-656,-560,560,31467,152,196000,65535,60922,60922,22576,-14064,21952,-15264,0,0,0,0,0,0,0,26.6513830209733
269,4,4,62912,95,28864,336,1776,1776,31449,146,196000,65535,61900,61900,22512,-14464,21472,-15088,0,0,0,0,0,0,0,26.752425225975458
270,4,4,62880,96,29168,656,1360,1360,31480,145,196000,65535,62878,62878,22080,-13968,22272,-15792,0,0,0,0,0,0,0,26.853106866008602
271,4,4,62976,96,28592,-10224,-2672,2672,31496,156,196000,65535,63856,63856,22560,-14368,22224,-15280,0,0,0,0,0,0,0,26.953805488010403
272,4,4,62976,96,27984,15088,-688,688,31478,153,196000,65535,64834,64834,22336,-14224,21648,-14928,0,0,0,0,0,0,0,27.05447604699293
273,4,4,64352,97,28416,192,1280,1280,32032,156,195500,65535,276,276,22336,-14416,22016,-15696,0,0,0,0,0,0,0,27.154997856996488
274,4,2,65008,99,29024,6992,-400,6592,32480,144,195000,65535,1253,1253,22496,-14528,22528,-15216,0,0,0,0,0,0,0,27.255599967960734
275,4,2,64992,99,28752,14288,-8576,5712,32498,143,196000,65535,2231,2231,22496,-14368,22112,-14944,0,0,0,0,0,0,0,27.35591562197078
276,4,2,64976,99,29120,3184,-1792,1392,32480,146,196000,65535,3209,3209,22000,-14560,21408,-15072,0,0,0,0,0,0,0,27.456470773962792
277,4,2,64960,99,28464,13312,-672,12640,32496,156,196000,65535,4187,4187,22192,-14608,21584,-14848,0,0,0,0,0,0,0,27.556852871959563
278,4,2,64992,99,28896,9520,-5232,4288,32475,144,196000,65535,5165,5165,22336,-14240,22096,-15776,0,0,0,0,0,0,0,27.657258334977087
279,4,2,64992,99,28256,21600,-9856,11744,32464,153,196000,65535,6143,6143,22352,-14656,21456,-15200,0,0,0,0,0,0,0,27.757857999997213
280,4,2,64928,99,28880,-368,-1456,1824,32480,145,196000,65535,7121,7121,22272,-14384,21728,-14976,0,0,0,0,0,0,0,27.858467203972396
281,4,0,64976,99,29120,400,6720,400,32501,149,195000,65535,8098,8098,22080,-14064,21440,-14928,0,0,0,0,0,0,0,27.95902130397735
282,4,0,64976,99,28432,224,1344,224,32488,153,195000,65535,9076,9076,22528,-14464,21632,-14912,0,0,0,0,0,0,0,28.059412829985376
283,4,0,65008,99,29104,96,3776,96,32486,145,195000,65535,10054,10054,22080,-14576,22064,-15536,0,0,0,0,0,0,0,28.159990843967535
284,4,0,64992,99,28512,320,10192,320,32509,144,195000,65535,11032,11032,22352,-14624,21552,-15136,0,0,0,0,0,0,0,28.260650329990312
285,4,0,65040,99,28768,192,7776,192,32488,143,195500,65535,12010,12010,22256,-14288,21696,-15376,0,0,0,0,0,0,0,28.36116366297938
286,4,0,64992,99,28176,544,13280,544,32462,153,196000,65535,12988,12988,22128,-14464,22112,-15648,0,0,0,0,0,0,0,28.411477701971307
287,4,0,64976,99,28976,112,4816,112,32454,146,196000,65535,13966,13966,22048,-13872,21792,-15312,0,0,0,0,0,0,0,28.511772024969105
288,4,0,64992,99,28656,384,17552,384,32457,144,196000,65535,14944,14944,22528,-14416,21824,-15552,0,0,0,0,0,0,0,28.612277763953898
289,4,0,64928,99,28816,-464,-3648,464,32480,145,196000,65535,15922,15922,22336,-14304,20864,-14656,0,0,0,0,0,0,0,28.712721215968486
290,4,0,64896,99,28896,-480,-3904,480,32480,145,196000,65535,16900,16900,22080,-14288,21232,-15344,0,0,0,0,0,0,0,28.813092111959122
291,4,4,64960,99,28736,192,-1952,1952,32472,151,195000,65535,17877,17877,22000,-14128,21616,-15120,0,0,0,0,0,0,0,28.913689421955496
292,4,4,64944,99,28656,-144,-80,80,32454,151,195000,65535,18855,18855,22096,-14400,21360,-14912,0,0,0,0,0,0,0,29.01434520195471
293,4,4,64992,99,29168,96,-1744,1744,32480,145,195000,65535,19833,19833,22176,-13952,21248,-15328,0,0,0,0,0,0,0,29.11505020299228
294,4,4,65008,99,28688,-192,-96,96,32480,150,195000,65535,20811,20811,22000,-13872,20848,-14304,0,0,0,0,0,0,0,29.215668921999168
295,4,4,64992,99,29168,16,-912,912,32478,146,195000,65535,21789,21789,22192,-13840,21696,-15840,0,0,0,0,0,0,0,29.31632812699536
296,4,4,64960,99,28400,-160,1840,1840,32485,150,196000,65535,22767,22767,22016,-13760,20976,-15568,0,0,0,0,0,0,0,29.41688722395338
297,4,4,65008,99,28768,-96,2096,2096,32496,149,196000,65535,23745,23745,22224,-14336,21584,-15008,0,0,0,0,0,0,0,29.517530358978547
298,4,4,64944,99,28960,272,1888,1888,32475,146,196000,65535,24723,24723,21728,-14512,21600,-15152,0,0,0,0,0,0,0,29.61805618397193
299,4,4,64944,99,29104,560,1936,1936,32483,148,196000,65535,25701,25701,22416,-13920,21184,-15152,0,0,0,0,0,0,0,29.718788745987695
300,4,4,64992,99,28880,-304,-176,176,32475,149,196000,65535,26679,26679,21968,-14336,21696,-14624,0,0,0,0,0,0,0,29.81921855197288
301,4,4,64976,99,28432,-208,1856,1856,32490,150,196000,65535,27657,27657,22032,-14416,21248,-15216,0,0,0,0,0,0,0,29.919844643969554
302,4,4,65024,99,28560,-10608,-2832,2832,32488,156,196000,65535,28635,28635,22064,-14512,21232,-14448,0,0,0,0,0,0,0,30.020381509966683
303,4,4,64944,99,29264,-224,-112,112,32488,148,196000,65535,29613,29613,21968,-14192,21360,-14928,0,0,0,0,0,0,0,30.12086335197091
304,4,4,64928,99,28672,176,1200,1200,32488,145,196000,65535,30591,30591,22368,-14496,21552,-15360,0,0,0,0,0,0,0,30.22142174700275
305,4,4,64960,99,28000,-112,1840,1840,32480,151,196000,65535,31569,31569,21920,-14400,21488,-15232,0,0,0,0,0,0,0,30.321894050983246
306,4,4,64976,99,27984,-96,1808,1808,32475,151,196000,65535,32547,32547,22032,-14112,21456,-15504,0,0,0,0,0,0,0,30.422465380979702
307,4,4,65056,99,28336,-9008,-3824,3824,32475,153,196000,65535,33525,33525,22032,-14272,21184,-15520,0,0,0,0,0,0,0,30.52294397598598
308,4,4,64928,99,28320,16864,-80,80,32472,153,196000,65535,34503,34503,21920,-14400,21408,-14768,0,0,0,0,0,0,0,30.623505486990325
309,4,4,64944,99,29296,-144,1568,1568,32456,146,196000,65535,35481,35481,21872,-14512,21664,-14640,0,0,0,0,0,0,0,30.724158559984062
310,4,4,64960,99,28320,16624,-80,80,32483,153,195000,65535,36459,36459,21648,-14064,21168,-14688,0,0,0,0,0,0,0,30.825069253973197
311,4,2,64976,99,28080,6960,-352,6608,32488,153,195000,65535,37436,37436,22144,-14064,21152,-14768,0,0,0,0,0,0,0,30.925624802999664
312,4,4,64944,99,29232,-224,1568,1568,32475,146,196000,65535,38415,38415,22624,-14368,21664,-14816,0,0,0,0,0,0,0,31.026144796982408
313,4,4,64944,99,29120,560,1968,1968,32488,148,196000,65535,39393,39393,22176,-13984,21504,-14944,0,0,0,0,0,0,0,31.12660047900863
314,4,4,64944,99,29120,-96,1648,1648,32491,146,196000,65535,40371,40371,22192,-14544,21248,-14512,0,0,0,0,0,0,0,31.227167128003202
315,4,4,64976,99,28016,-224,2144,2144,32491,153,196000,65535,41349,41349,21920,-14352,21088,-14896,0,0,0,0,0,0,0,31.327721213980112
316,4,4,64976,99,29168,0,-704,704,32475,147,195000,65535,42327,42327,21920,-14592,21712,-15184,0,0,0,0,0,0,0,31.428319061989896
317,4,4,65008,99,28480,336,-3216,3216,32480,156,196000,65535,43305,43305,21648,-13680,20896,-14864,0,0,0,0,0,0,0,31.52898225199897
318,4,4,64896,99,28656,208,-2224,2224,32467,144,195000,65535,44283,44283,21936,-14512,21168,-15600,0,0,0,0,0,0,0,31.629371810005978
319,4,4,65008,99,29136,176,-2128,2128,32462,149,195000,65535,45261,45261,22288,-14464,21536,-15232,0,0,0,0,0,0,0,31.72983857197687
320,4,0,64992,99,28736,-272,-2816,272,32480,144,196000,65535,46240,46240,21856,-14368,21248,-14656,0,0,0,0,0,0,0,31.83043627999723
321,4,0,64896,99,28640,-496,-2752,496,32480,144,196000,65535,47218,47218,22048,-14736,21264,-14448,0,0,0,0,0,0,0,31.93107734801015
322,4,4,64960,99,29040,-112,-288,288,32475,149,195000,65535,48195,48195,22032,-14096,21056,-14592,0,0,0,0,0,0,0,32.03146019397536
